Workbook

Sheet 요약
A1: MIPI DSI v1.3.1 CTS — 공개 범위 기반 테스트 정리
A2: MIPI 공식 페이지가 공개하는 v1.3.1 Receiver Protocol CTS와 Transmitter Protocol CTS 범위를 바탕으로, 공개된 DSI 기능 및 시험장비 coverage를 교차해 만든 실무용 체크리스트입니다. 공식 CTS 원문의 Test ID·Setup·Procedure·Pass/Fail criteria를 전사한 문서가 아니며 인증 판정에는 회원용 원문을 사용해야 합니다.
A5: 총 테스트 항목 | C5: 송신기 (Tx) | E5: 수신기 (Rx) | G5: P0 핵심 항목
A6: =COUNTA('실행_체크리스트'!$A$5:$A$500) -> 94 | C6: =COUNTIF('실행_체크리스트'!$B$5:$B$500,"송신기 (Tx)") -> 43 | E6: =COUNTIF('실행_체크리스트'!$B$5:$B$500,"수신기 (Rx)") -> 51 | G6: =COUNTIF('실행_체크리스트'!$H$5:$H$500,"P0") -> 47
A9: 적용 항목 | C9: 완료 | E9: Pass | G9: Fail
A10: =COUNTIF('실행_체크리스트'!$I$5:$I$500,"적용") -> 18 | C10: =COUNTIF('실행_체크리스트'!$J$5:$J$500,"완료") -> 0 | E10: =COUNTIF('실행_체크리스트'!$K$5:$K$500,"Pass") -> 0 | G10: =COUNTIF('실행_체크리스트'!$K$5:$K$500,"Fail") -> 0
A13: 진행률 | B13: =IF(COUNTIF('실행_체크리스트'!$I$5:$I$500,"적용")=0,0,COUNTIF('실행_체크리스트'!$J$5:$J$500,"완료")/COUNTIF('실행_체크리스트'!$I$5:$I$500,"적용")) -> 0 | D13: 적용 여부, 상태, 결과는 ‘실행_체크리스트’에서 선택하세요. 조건부 항목은 기본값이 ‘검토 필요’입니다.
A16: 그룹별 항목 수
A17: DUT | B17: 그룹 | C17: 항목 수 | E17: DUT | F17: 그룹 | G17: 항목 수
A18: Tx | B18: 1. 패킷 구조/식별 | C18: =COUNTIFS('실행_체크리스트'!$B$5:$B$500,"송신기 (Tx)",'실행_체크리스트'!$C$5:$C$500,B18) -> 7 | E18: Rx | F18: 1. 패킷 수신/식별 | G18: =COUNTIFS('실행_체크리스트'!$B$5:$B$500,"수신기 (Rx)",'실행_체크리스트'!$C$5:$C$500,F18) -> 7
A19: Tx | B19: 2. 오류 보호 | C19: =COUNTIFS('실행_체크리스트'!$B$5:$B$500,"송신기 (Tx)",'실행_체크리스트'!$C$5:$C$500,B19) -> 2 | E19: Rx | F19: 2. 오류 검출/보고 | G19: =COUNTIFS('실행_체크리스트'!$B$5:$B$500,"수신기 (Rx)",'실행_체크리스트'!$C$5:$C$500,F19) -> 8
A20: Tx | B20: 3. Command Mode | C20: =COUNTIFS('실행_체크리스트'!$B$5:$B$500,"송신기 (Tx)",'실행_체크리스트'!$C$5:$C$500,B20) -> 9 | E20: Rx | F20: 3. Command Mode/응답 | G20: =COUNTIFS('실행_체크리스트'!$B$5:$B$500,"수신기 (Rx)",'실행_체크리스트'!$C$5:$C$500,F20) -> 12
A21: Tx | B21: 4. BTA/응답 | C21: =COUNTIFS('실행_체크리스트'!$B$5:$B$500,"송신기 (Tx)",'실행_체크리스트'!$C$5:$C$500,B21) -> 4 | E21: Rx | F21: 4. BTA/버스 소유권 | G21: =COUNTIFS('실행_체크리스트'!$B$5:$B$500,"수신기 (Rx)",'실행_체크리스트'!$C$5:$C$500,F21) -> 4
A22: Tx | B22: 5. Video Mode/타이밍 | C22: =COUNTIFS('실행_체크리스트'!$B$5:$B$500,"송신기 (Tx)",'실행_체크리스트'!$C$5:$C$500,B22) -> 8 | E22: Rx | F22: 5. Video Mode/타이밍 | G22: =COUNTIFS('실행_체크리스트'!$B$5:$B$500,"수신기 (Rx)",'실행_체크리스트'!$C$5:$C$500,F22) -> 7
A23: Tx | B23: 6. 픽셀 포맷/멀티 Lane | C23: =COUNTIFS('실행_체크리스트'!$B$5:$B$500,"송신기 (Tx)",'실행_체크리스트'!$C$5:$C$500,B23) -> 6 | E23: Rx | F23: 6. 픽셀 포맷/멀티 Lane | G23: =COUNTIFS('실행_체크리스트'!$B$5:$B$500,"수신기 (Rx)",'실행_체크리스트'!$C$5:$C$500,F23) -> 6
A24: Tx | B24: 7. 압축(선택) | C24: =COUNTIFS('실행_체크리스트'!$B$5:$B$500,"송신기 (Tx)",'실행_체크리스트'!$C$5:$C$500,B24) -> 2 | E24: Rx | F24: 7. 압축(선택) | G24: =COUNTIFS('실행_체크리스트'!$B$5:$B$500,"수신기 (Rx)",'실행_체크리스트'!$C$5:$C$500,F24) -> 2
A25: Tx | B25: 8. LP/HS/전력 상태 | C25: =COUNTIFS('실행_체크리스트'!$B$5:$B$500,"송신기 (Tx)",'실행_체크리스트'!$C$5:$C$500,B25) -> 5 | E25: Rx | F25: 8. LP/HS/전력 상태 | G25: =COUNTIFS('실행_체크리스트'!$B$5:$B$500,"수신기 (Rx)",'실행_체크리스트'!$C$5:$C$500,F25) -> 5
A28: 범위 해석
A29: 포함 | B29: DSI 프로토콜: packet/header/footer, ECC/CRC, command/read/BTA, video mode, pixel packing, LP/HS 관련 protocol sequence
A30: 조건부 | B30: Virtual Channel, EoTp, ULPS, read response, 특정 pixel format, 압축 등 DUT가 해당 기능을 지원할 때 적용
A31: 별도 검증 | B31: D-PHY 전기적 특성·eye·jitter·voltage·PHY timing의 정량 합격 기준은 D-PHY CTS 영역으로 이 문서의 주 범위가 아님
A32: 공식 판정 | B32: 회원용 MIPI CTS 원문의 Setup, Procedure, Results/Problems 및 Pass/Fail criteria로 최종 확인

Sheet 송신기_Tx
A1: MIPI DSI v1.3.1 — 송신기(Host) Protocol 테스트
A2: Host/SoC의 출력 스트림을 분석해 packet 생성, command/video sequence, timing 및 오류 보호가 올바른지 확인하는 관점입니다.
A3: 내부 ID는 공식 MIPI Test ID가 아닙니다. 적용 조건이 있는 행은 DUT capability 선언 및 회원용 CTS 원문으로 최종 적용 여부를 확인하세요.
A4: 내부 ID | B4: 그룹 | C4: 테스트 항목 | D4: 간단한 설명 | E4: 시험에서 확인할 것 | F4: 적용 조건 | G4: 우선순위 | H4: 출처 URL
A5: AI-TX-PKT-01 | B5: 1. 패킷 구조/식별 | C5: Short Packet 헤더 | D5: Short Packet의 Data ID, 2-byte data field와 ECC를 생성한다. | E5: Data Type·Virtual Channel·파라미터·ECC가 규정 형식으로 전송되는지 확인한다. | F5: 공통 | G5: P0 | H5: https://www.mipi.org/specifications/dsi
A6: AI-TX-PKT-02 | B6: 1. 패킷 구조/식별 | C6: Long Packet 헤더/푸터 | D6: Long Packet의 Word Count, payload, CRC를 포함한 packet boundary를 생성한다. | E6: Word Count와 실제 payload 길이가 일치하고 CRC 위치와 packet 종료가 정확한지 확인한다. | F6: 공통 | G6: P0 | H6: https://www.mipi.org/specifications/dsi
A7: AI-TX-PKT-03 | B7: 1. 패킷 구조/식별 | C7: Data Type 인코딩 | D7: 명령·응답·비디오에 맞는 Data Type 값을 선택해 전송한다. | E7: 지원 기능별 Data Type이 잘못 섞이거나 예약 값으로 전송되지 않는지 확인한다. | F7: 공통 | G7: P0 | H7: https://www.synopsys.com/verification/verification-ip/mipi/mipi-dsi.html
A8: AI-TX-PKT-04 | B8: 1. 패킷 구조/식별 | C8: Virtual Channel 인코딩 | D8: 패킷의 Virtual Channel 식별자를 구성한다. | E8: 선언된 VC 값이 모든 관련 패킷에서 일관되고 다른 논리 스트림과 혼선이 없는지 확인한다. | F8: 복수 VC 지원 시 | G8: P1 | H8: https://www.mipi.org/specifications/dsi
A9: AI-TX-PKT-05 | B9: 1. 패킷 구조/식별 | C9: 한 HS 구간 내 복수 패킷 | D9: 하나의 High-Speed 전송 구간에서 여러 패킷을 연속 배치한다. | E9: 각 packet boundary와 패킷 순서가 유지되고 중간 바이트 유실·삽입이 없는지 확인한다. | F9: 지원 시 | G9: P1 | H9: https://www.synopsys.com/verification/verification-ip/mipi/mipi-dsi.html
A10: AI-TX-PKT-06 | B10: 1. 패킷 구조/식별 | C10: End-of-Transmission Packet | D10: EoTp가 활성화된 구성에서 전송 종료 패킷을 생성한다. | E10: EoTp의 Data Type·내용·위치가 정확하고 다음 전송과 경계가 분명한지 확인한다. | F10: EoTp 사용 시 | G10: P1 | H10: https://www.mipi.org/specifications/dsi
A11: AI-TX-PKT-07 | B11: 1. 패킷 구조/식별 | C11: 예약/미지원 Data Type 억제 | D11: 정상 동작 중 예약 또는 미지원 Data Type을 생성하지 않는다. | E11: 설정 오류나 경계 조건에서도 불법 패킷이 링크로 출력되지 않는지 확인한다. | F11: 공통 | G11: P1 | H11: https://cdn.teledynelecroy.com/files/pdf/envision_x84_datasheet.pdf
A12: AI-TX-ERR-01 | B12: 2. 오류 보호 | C12: Header ECC 생성 | D12: 모든 패킷 헤더에 대한 ECC를 계산한다. | E12: 대표/경계 header 조합에서 계산된 ECC가 참조값과 일치하는지 확인한다. | F12: 공통 | G12: P0 | H12: https://www.synopsys.com/verification/verification-ip/mipi/mipi-dsi.html
A13: AI-TX-ERR-02 | B13: 2. 오류 보호 | C13: Payload CRC 생성 | D13: Long Packet payload에 대한 16-bit CRC를 생성한다. | E13: 빈도 높은 길이와 최소·최대 지원 길이에서 CRC가 참조 계산과 일치하는지 확인한다. | F13: Long Packet | G13: P0 | H13: https://www.synopsys.com/verification/verification-ip/mipi/mipi-dsi.html
A14: AI-TX-CMD-01 | B14: 3. Command Mode | C14: Generic Short Write | D14: 0/1/2 parameter Generic Short Write를 전송한다. | E14: parameter 수에 맞는 Data Type과 header data field가 선택되는지 확인한다. | F14: Command Mode 지원 시 | G14: P0 | H14: https://www.mipi.org/specifications/dsi
A15: AI-TX-CMD-02 | B15: 3. Command Mode | C15: Generic Long Write | D15: 가변 길이 Generic Long Write payload를 전송한다. | E15: Word Count·payload 순서·CRC가 정확하고 길이 경계에서 잘리지 않는지 확인한다. | F15: Command Mode 지원 시 | G15: P0 | H15: https://www.mipi.org/specifications/dsi
... A47: AI-TX-PWR-05 | B47: 8. LP/HS/전력 상태 | C47: Timeout/복구 | D47: 응답 부재나 비정상 전환 후 송신 상태 머신을 복구한다. | E47: 버스 고착 없이 규정된 timeout 처리를 수행하고 다음 정상 transaction이 가능한지 확인한다. | F47: 오류 복구 지원 시 | G47: P1 | H47: https://docs.amd.com/r/en-US/pg238-mipi-dsi-tx/Verification-Compliance-and-Interoperability

Sheet 수신기_Rx
A1: MIPI DSI v1.3.1 — 수신기(Display/Peripheral) Protocol 테스트
A2: 시험기가 유효·오류 DSI traffic을 입력하고 Display/Peripheral의 수신, 오류 처리, BTA/read response 및 화면 결과를 확인하는 관점입니다.
A3: 내부 ID는 공식 MIPI Test ID가 아닙니다. 적용 조건이 있는 행은 DUT capability 선언 및 회원용 CTS 원문으로 최종 적용 여부를 확인하세요.
A4: 내부 ID | B4: 그룹 | C4: 테스트 항목 | D4: 간단한 설명 | E4: 시험에서 확인할 것 | F4: 적용 조건 | G4: 우선순위 | H4: 출처 URL
A5: AI-RX-PKT-01 | B5: 1. 패킷 수신/식별 | C5: Short Packet 파싱 | D5: Short Packet header와 data field를 수신·해석한다. | E5: Data Type·VC·파라미터가 정확히 복원되어 올바른 내부 기능으로 전달되는지 확인한다. | F5: 공통 | G5: P0 | H5: https://www.mipi.org/specifications/dsi
A6: AI-RX-PKT-02 | B6: 1. 패킷 수신/식별 | C6: Long Packet 파싱 | D6: Word Count만큼 payload를 수신하고 CRC 및 packet 종료를 해석한다. | E6: payload 경계, 첫/마지막 byte와 다음 packet 시작을 정확히 구분하는지 확인한다. | F6: 공통 | G6: P0 | H6: https://www.mipi.org/specifications/dsi
A7: AI-RX-PKT-03 | B7: 1. 패킷 수신/식별 | C7: Data Type 디코딩 | D7: 수신 Data Type에 따라 command, response, pixel data를 분류한다. | E7: 지원하는 모든 Data Type이 올바른 처리 경로로 전달되는지 확인한다. | F7: 공통 | G7: P0 | H7: https://www.synopsys.com/verification/verification-ip/mipi/mipi-dsi.html
A8: AI-RX-PKT-04 | B8: 1. 패킷 수신/식별 | C8: Virtual Channel 분리 | D8: Virtual Channel별 패킷을 식별하고 대상 context로 전달한다. | E8: VC 간 데이터 혼합·오인식이 없고 미지원 VC의 처리 정책이 일관적인지 확인한다. | F8: 복수 VC 지원 시 | G8: P1 | H8: https://www.mipi.org/specifications/dsi
A9: AI-RX-PKT-05 | B9: 1. 패킷 수신/식별 | C9: 한 HS 구간 내 복수 패킷 | D9: 하나의 HS 구간에 연속된 여러 패킷을 수신한다. | E9: 각 packet boundary를 유지하고 모든 패킷을 순서대로 전달하는지 확인한다. | F9: 지원 시 | G9: P1 | H9: https://www.synopsys.com/verification/verification-ip/mipi/mipi-dsi.html
A10: AI-RX-PKT-06 | B10: 1. 패킷 수신/식별 | C10: EoTp 수신 | D10: End-of-Transmission Packet을 인식한다. | E10: EoTp가 payload로 전달되지 않고 전송 종료 및 다음 상태 전이에 올바르게 반영되는지 확인한다. | F10: EoTp 사용 시 | G10: P1 | H10: https://www.mipi.org/specifications/dsi
A11: AI-RX-PKT-07 | B11: 1. 패킷 수신/식별 | C11: 예약/미지원 Data Type 처리 | D11: 예약 또는 미지원 Data Type 수신 시 안전하게 처리한다. | E11: 정상 데이터로 오인하지 않고 drop·ignore·오류 보고 중 선언한 정책을 수행하는지 확인한다. | F11: 공통 | G11: P1 | H11: https://cdn.teledynelecroy.com/files/pdf/envision_x84_datasheet.pdf
A12: AI-RX-ERR-01 | B12: 2. 오류 검출/보고 | C12: ECC 단일 비트 정정 | D12: header에 단일 비트 오류가 있는 패킷을 수신한다. | E12: 정정 가능한 오류를 올바르게 정정하고 packet 처리와 오류 상태를 규정대로 유지하는지 확인한다. | F12: 공통 | G12: P0 | H12: https://www.synopsys.com/verification/verification-ip/mipi/mipi-dsi.html
A13: AI-RX-ERR-02 | B13: 2. 오류 검출/보고 | C13: ECC 복수 비트 검출 | D13: 정정 불가능한 header 오류를 포함한 패킷을 수신한다. | E13: 오류 패킷을 정상 수용하지 않고 검출·폐기·보고 정책을 수행하는지 확인한다. | F13: 공통 | G13: P0 | H13: https://www.synopsys.com/verification/verification-ip/mipi/mipi-dsi.html
A14: AI-RX-ERR-03 | B14: 2. 오류 검출/보고 | C14: CRC 오류 검출 | D14: payload 또는 CRC가 손상된 Long Packet을 수신한다. | E14: CRC mismatch를 검출하고 손상 payload가 표시/명령 처리에 사용되지 않는지 확인한다. | F14: Long Packet | G14: P0 | H14: https://www.synopsys.com/verification/verification-ip/mipi/mipi-dsi.html
A15: AI-RX-ERR-04 | B15: 2. 오류 검출/보고 | C15: Word Count 불일치 | D15: 선언된 Word Count와 실제 payload 길이가 다른 패킷을 수신한다. | E15: underflow/overflow를 검출하고 다음 packet boundary를 안전하게 회복하는지 확인한다. | F15: 공통 | G15: P0 | H15: https://cdn.teledynelecroy.com/files/pdf/envision_x84_datasheet.pdf
... A55: AI-RX-PWR-05 | B55: 8. LP/HS/전력 상태 | C55: 비정상 전환 복구 | D55: 불완전한 LP/HS 전환 또는 중단된 transmission을 입력한다. | E55: 상태 고착 없이 timeout·오류 처리 후 다음 정상 transmission을 수신하는지 확인한다. | F55: 오류 복구 지원 시 | G55: P1 | H55: https://docs.amd.com/r/en-US/pg238-mipi-dsi-tx/Verification-Compliance-and-Interoperability

Sheet 실행_체크리스트
A1: MIPI DSI v1.3.1 — 실행 체크리스트
A2: 적용 여부·상태·결과·담당자·증적·비고를 편집해 프로젝트 시험 진행표로 사용할 수 있습니다. 필터와 틀 고정을 적용했습니다.
A3: 조건부 기능은 ‘검토 필요’가 기본값입니다. 제품 capability와 공식 CTS 원문을 대조한 뒤 ‘적용’ 또는 ‘비적용’으로 확정하세요.
A4: 내부 ID | B4: DUT 역할 | C4: 그룹 | D4: 테스트 항목 | E4: 간단한 설명 | F4: 시험에서 확인할 것 | G4: 적용 조건 | H4: 우선순위 | I4: 적용 여부 | J4: 상태 | K4: 결과 | L4: 담당자 | M4: 증적/로그 | N4: 비고 | O4: 출처 URL
A5: AI-TX-PKT-01 | B5: 송신기 (Tx) | C5: 1. 패킷 구조/식별 | D5: Short Packet 헤더 | E5: Short Packet의 Data ID, 2-byte data field와 ECC를 생성한다. | F5: Data Type·Virtual Channel·파라미터·ECC가 규정 형식으로 전송되는지 확인한다. | G5: 공통 | H5: P0 | I5: 적용 | J5: 미실행 | K5: 미판정 | O5: https://www.mipi.org/specifications/dsi
A6: AI-TX-PKT-02 | B6: 송신기 (Tx) | C6: 1. 패킷 구조/식별 | D6: Long Packet 헤더/푸터 | E6: Long Packet의 Word Count, payload, CRC를 포함한 packet boundary를 생성한다. | F6: Word Count와 실제 payload 길이가 일치하고 CRC 위치와 packet 종료가 정확한지 확인한다. | G6: 공통 | H6: P0 | I6: 적용 | J6: 미실행 | K6: 미판정 | O6: https://www.mipi.org/specifications/dsi
A7: AI-TX-PKT-03 | B7: 송신기 (Tx) | C7: 1. 패킷 구조/식별 | D7: Data Type 인코딩 | E7: 명령·응답·비디오에 맞는 Data Type 값을 선택해 전송한다. | F7: 지원 기능별 Data Type이 잘못 섞이거나 예약 값으로 전송되지 않는지 확인한다. | G7: 공통 | H7: P0 | I7: 적용 | J7: 미실행 | K7: 미판정 | O7: https://www.synopsys.com/verification/verification-ip/mipi/mipi-dsi.html
A8: AI-TX-PKT-04 | B8: 송신기 (Tx) | C8: 1. 패킷 구조/식별 | D8: Virtual Channel 인코딩 | E8: 패킷의 Virtual Channel 식별자를 구성한다. | F8: 선언된 VC 값이 모든 관련 패킷에서 일관되고 다른 논리 스트림과 혼선이 없는지 확인한다. | G8: 복수 VC 지원 시 | H8: P1 | I8: 검토 필요 | J8: 미실행 | K8: 미판정 | O8: https://www.mipi.org/specifications/dsi
A9: AI-TX-PKT-05 | B9: 송신기 (Tx) | C9: 1. 패킷 구조/식별 | D9: 한 HS 구간 내 복수 패킷 | E9: 하나의 High-Speed 전송 구간에서 여러 패킷을 연속 배치한다. | F9: 각 packet boundary와 패킷 순서가 유지되고 중간 바이트 유실·삽입이 없는지 확인한다. | G9: 지원 시 | H9: P1 | I9: 검토 필요 | J9: 미실행 | K9: 미판정 | O9: https://www.synopsys.com/verification/verification-ip/mipi/mipi-dsi.html
A10: AI-TX-PKT-06 | B10: 송신기 (Tx) | C10: 1. 패킷 구조/식별 | D10: End-of-Transmission Packet | E10: EoTp가 활성화된 구성에서 전송 종료 패킷을 생성한다. | F10: EoTp의 Data Type·내용·위치가 정확하고 다음 전송과 경계가 분명한지 확인한다. | G10: EoTp 사용 시 | H10: P1 | I10: 검토 필요 | J10: 미실행 | K10: 미판정 | O10: https://www.mipi.org/specifications/dsi
A11: AI-TX-PKT-07 | B11: 송신기 (Tx) | C11: 1. 패킷 구조/식별 | D11: 예약/미지원 Data Type 억제 | E11: 정상 동작 중 예약 또는 미지원 Data Type을 생성하지 않는다. | F11: 설정 오류나 경계 조건에서도 불법 패킷이 링크로 출력되지 않는지 확인한다. | G11: 공통 | H11: P1 | I11: 적용 | J11: 미실행 | K11: 미판정 | O11: https://cdn.teledynelecroy.com/files/pdf/envision_x84_datasheet.pdf
A12: AI-TX-ERR-01 | B12: 송신기 (Tx) | C12: 2. 오류 보호 | D12: Header ECC 생성 | E12: 모든 패킷 헤더에 대한 ECC를 계산한다. | F12: 대표/경계 header 조합에서 계산된 ECC가 참조값과 일치하는지 확인한다. | G12: 공통 | H12: P0 | I12: 적용 | J12: 미실행 | K12: 미판정 | O12: https://www.synopsys.com/verification/verification-ip/mipi/mipi-dsi.html
A13: AI-TX-ERR-02 | B13: 송신기 (Tx) | C13: 2. 오류 보호 | D13: Payload CRC 생성 | E13: Long Packet payload에 대한 16-bit CRC를 생성한다. | F13: 빈도 높은 길이와 최소·최대 지원 길이에서 CRC가 참조 계산과 일치하는지 확인한다. | G13: Long Packet | H13: P0 | I13: 검토 필요 | J13: 미실행 | K13: 미판정 | O13: https://www.synopsys.com/verification/verification-ip/mipi/mipi-dsi.html
A14: AI-TX-CMD-01 | B14: 송신기 (Tx) | C14: 3. Command Mode | D14: Generic Short Write | E14: 0/1/2 parameter Generic Short Write를 전송한다. | F14: parameter 수에 맞는 Data Type과 header data field가 선택되는지 확인한다. | G14: Command Mode 지원 시 | H14: P0 | I14: 검토 필요 | J14: 미실행 | K14: 미판정 | O14: https://www.mipi.org/specifications/dsi
A15: AI-TX-CMD-02 | B15: 송신기 (Tx) | C15: 3. Command Mode | D15: Generic Long Write | E15: 가변 길이 Generic Long Write payload를 전송한다. | F15: Word Count·payload 순서·CRC가 정확하고 길이 경계에서 잘리지 않는지 확인한다. | G15: Command Mode 지원 시 | H15: P0 | I15: 검토 필요 | J15: 미실행 | K15: 미판정 | O15: https://www.mipi.org/specifications/dsi
A16: AI-TX-CMD-03 | B16: 송신기 (Tx) | C16: 3. Command Mode | D16: Generic Read Request | E16: 0/1/2 parameter Generic Read Request를 전송한다. | F16: 요청 길이에 맞는 Data Type, 파라미터 및 뒤따르는 BTA가 정확한지 확인한다. | G16: Read 지원 시 | H16: P0 | I16: 검토 필요 | J16: 미실행 | K16: 미판정 | O16: https://www.mipi.org/specifications/dsi
... A98: AI-RX-PWR-05 | B98: 수신기 (Rx) | C98: 8. LP/HS/전력 상태 | D98: 비정상 전환 복구 | E98: 불완전한 LP/HS 전환 또는 중단된 transmission을 입력한다. | F98: 상태 고착 없이 timeout·오류 처리 후 다음 정상 transmission을 수신하는지 확인한다. | G98: 오류 복구 지원 시 | H98: P1 | I98: 검토 필요 | J98: 미실행 | K98: 미판정 | O98: https://docs.amd.com/r/en-US/pg238-mipi-dsi-tx/Verification-Compliance-and-Interoperability

Sheet 범위_출처
A1: 범위, 출처 및 용어
A2: 공개 자료만 사용했습니다. MIPI 회원 전용 CTS의 공식 Test ID, 원문 절차와 수치 판정 기준은 포함하지 않았습니다.
A4: 출처
A5: 출처 ID | B5: 기관 | C5: 공개 자료에서 확인한 내용 | D5: URL | E5: 워크북에서의 사용 | F5: 확인일
A6: S1 | B6: MIPI Alliance | C6: DSI v1.3.1용 Receiver Protocol CTS와 Transmitter Protocol CTS가 별도로 존재하며 회원용임을 확인. | D6: https://www.mipi.org/specifications/dsi | E6: CTS 문서 범위, DSI/D-PHY/DCS/DSC 개요 | F6: 2026-07-30
A7: S2 | B7: Teledyne LeCroy | C7: CTS coverage가 data/clock, short/long packet, frame structure, timing, HS/LP 및 read/write를 포함한다고 설명. | D7: https://cdn.teledynelecroy.com/files/pdf/envision_x84_datasheet.pdf | E7: 공개 coverage를 그룹화하는 보조 근거 | F7: 2026-07-30
A8: S3 | B8: Synopsys | C8: packet structure, command/video mode, pixel formats, ECC/CRC, error handling, HS/Escape 및 multi-lane 기능을 공개. | D8: https://www.synopsys.com/verification/verification-ip/mipi/mipi-dsi.html | E8: 프로토콜 기능별 체크 항목 보조 근거 | F8: 2026-07-30
A9: S4 | B9: AMD | C9: lane 조합, line rate, short/long packet, pixel format, video mode, 오류 복구 등 공개 검증 범위를 설명. | D9: https://docs.amd.com/r/en-US/pg238-mipi-dsi-tx/Verification-Compliance-and-Interoperability | E9: 구현 검증 및 오류 복구 체크 보조 근거 | F9: 2026-07-30
A12: 포함/제외 범위
A13: 구분 | B13: 영역 | C13: 처리 | D13: 이유
A14: 포함 | B14: DSI Protocol Tx/Rx | C14: 테스트 항목으로 정리 | D14: 공식 페이지가 v1.3.1 Transmitter/Receiver Protocol CTS를 명시
A15: 조건부 | B15: VC, EoTp, read/BTA, ULPS, pixel format, DSC | C15: 지원 기능일 때 적용 | D15: 제품별 capability가 다르므로 원문 CTS applicability 확인 필요
A16: 별도 | B16: D-PHY 전기/물리 계층 | C16: 정량 PHY 시험은 제외 | D16: Protocol CTS와 D-PHY CTS의 목적 및 장비가 다름
A17: 대체 불가 | B17: 공식 CTS Test ID/절차/판정 기준 | C17: 회원용 원문 확인 | D17: 공개 페이지에서 세부 문서가 제공되지 않음
A20: 용어
A21: 용어 | B21: 설명
A22: DUT | B22: Device Under Test. 시험 대상인 Host/SoC 송신기 또는 Display/Peripheral 수신기.
A23: Short Packet | B23: 고정 길이 header 중심 패킷. 명령, event, 짧은 응답 등에 사용.
A24: Long Packet | B24: Word Count, payload와 CRC를 갖는 가변 길이 패킷.
A25: BTA | B25: Bus Turn-Around. Host에서 Peripheral 방향으로 버스 구동권을 넘겨 read/ACK 응답을 받는 절차.
A26: LPDT | B26: Low-Power Data Transmission. Escape mode에서 수행하는 저전력 데이터 전송.
A27: EoTp | B27: End-of-Transmission Packet. 지원 구성에서 전송 종료를 나타내는 short packet.
A28: P0/P1/P2 | B28: P0=핵심 상호운용성, P1=일반/조건부 기능, P2=선택 기능(예: 압축). 공식 CTS 우선순위 표기가 아님.
